med,row/s,max,sum ms,errors,compaction,.99,.999,total ops,compression,mb,pk/s,.95,max ms,rf,stderr,time,mean,sdv ms,op/s,type,network_type,gc: #,op
36.9,835,1404.0,0,0,none,900.2,1390.4,3332,none,0,835,658.5,0,none,0.0,4.0,206.9,0,835,,wired,0,reads_only
19.2,925,1248.9,0,0,none,861.9,1065.4,7770,none,0,925,694.7,0,none,0.01089,8.8,216.8,0,925,,wired,0,reads_only
11.6,1088,1221.6,0,0,none,863.0,1048.6,13022,none,0,1088,630.7,0,none,0.03904,13.6,185.9,0,1088,,wired,0,reads_only
9.1,1203,2130.7,0,0,none,890.8,1930.4,18470,none,0,1203,596.1,0,none,0.13245,18.1,169.3,0,1203,,wired,0,reads_only
10.8,1199,1036.0,0,0,none,730.3,995.6,24320,none,0,1199,576.7,0,none,0.10671,23.0,167.2,0,1199,,wired,0,reads_only
9.4,1283,988.3,0,0,none,713.6,915.4,30170,none,0,1283,548.4,0,none,0.08851,27.6,152.8,0,1283,,wired,0,reads_only
14.7,1312,904.9,0,0,none,672.1,855.6,33652,none,0,1312,529.5,0,none,0.08059,30.2,161.1,0,1312,,wired,0,reads_only
134.9,1006,1735.4,0,0,none,949.5,1637.9,4024,none,0,1006,681.6,0,none,0.0,4.0,185.5,0,1006,,wired,0,writes_only
279.2,680,1152.4,0,0,none,632.3,993.5,7459,none,0,680,475.8,0,none,0.23833,9.1,293.9,0,680,,wired,0,writes_only
232.1,881,734.5,0,0,none,557.8,670.6,11334,none,0,881,444.6,0,none,0.18065,13.5,231.9,0,881,,wired,0,writes_only
88.2,1618,756.5,0,0,none,485.8,657.5,18612,none,0,1618,333.7,0,none,0.16047,18.0,120.6,0,1618,,wired,0,writes_only
67.9,2612,605.6,0,0,none,232.9,398.7,29696,none,0,2612,169.6,0,none,0.19743,22.2,78.0,0,2612,,wired,0,writes_only
68.4,2554,396.4,0,0,none,227.8,315.1,40559,none,0,2554,172.1,0,none,0.17178,26.4,78.1,0,2554,,wired,0,writes_only
70.9,2633,331.9,0,0,none,196.7,277.9,50068,none,0,2633,153.0,0,none,0.15095,30.1,76.6,0,2633,,wired,0,writes_only
30.9,2818,690.5,0,0,none,431.8,585.1,11280,none,0,2818,210.0,0,replication_1,0.0,4.0,66.9,0,2818,,wired,0,reads_only
25.8,3944,454.3,0,0,none,251.8,360.7,28718,none,0,3944,176.4,0,replication_1,0.08976,8.4,50.9,0,3944,,wired,0,reads_only
25.7,3869,397.9,0,0,none,245.0,321.9,45381,none,0,3869,178.1,0,replication_1,0.06301,12.7,51.8,0,3869,,wired,0,reads_only
27.3,3908,392.7,0,0,none,235.8,342.1,62045,none,0,3908,165.5,0,replication_1,0.04879,17.0,51.3,0,3908,,wired,0,reads_only
33.8,3609,415.0,0,0,none,254.0,347.9,77121,none,0,3609,171.8,0,replication_1,0.03937,21.2,55.3,0,3609,,wired,0,reads_only
28.2,4268,418.6,0,0,none,223.1,314.3,95233,none,0,4268,151.4,0,replication_1,0.03996,25.4,46.8,0,4268,,wired,0,reads_only
27.5,3981,471.1,0,0,none,250.2,374.1,112737,none,0,3981,164.2,0,replication_1,0.035,29.8,50.5,0,3981,,wired,0,reads_only
33.8,4758,243.7,0,0,none,183.5,238.0,113804,none,0,4758,117.3,0,replication_1,-2.17951,30.0,42.7,0,4758,,wired,0,reads_only
66.7,2511,309.1,0,0,none,207.7,272.6,10021,none,0,2511,155.8,0,replication_1,0.0,4.0,75.5,0,2511,,wired,0,writes_only
68.7,2655,343.1,0,0,none,204.2,259.1,21435,none,0,2655,158.9,0,replication_1,0.02069,8.3,75.4,0,2655,,wired,0,writes_only
63.7,2695,366.7,0,0,none,235.3,310.9,32929,none,0,2695,164.8,0,replication_1,0.01941,12.6,74.2,0,2695,,wired,0,writes_only
64.1,2736,324.3,0,0,none,213.0,264.6,44190,none,0,2736,154.7,0,replication_1,0.01692,16.7,72.8,0,2736,,wired,0,writes_only
77.2,2426,401.9,0,0,none,229.0,311.7,54511,none,0,2426,173.7,0,replication_1,0.01875,20.9,83.0,0,2426,,wired,0,writes_only
59.7,2958,430.2,0,0,none,205.9,274.7,66586,none,0,2958,152.3,0,replication_1,0.02863,25.0,67.6,0,2958,,wired,0,writes_only
72.7,2459,396.9,0,0,none,219.3,281.0,76768,none,0,2459,164.0,0,replication_1,0.0264,29.1,80.6,0,2459,,wired,0,writes_only
78.4,2496,304.1,0,0,none,223.2,303.3,79027,none,0,2496,168.4,0,replication_1,0.04057,30.1,82.4,0,2496,,wired,0,writes_only
27.2,3553,382.5,0,0,none,252.6,355.5,14211,none,0,3553,176.6,0,replication_2,0.0,4.0,53.3,0,3553,,wired,0,reads_only
29.1,4046,443.3,0,0,none,229.5,335.3,32084,none,0,4046,159.5,0,replication_2,0.04771,8.4,49.6,0,4046,,wired,0,reads_only
27.4,3723,489.7,0,0,none,257.8,353.1,47860,none,0,3723,183.6,0,replication_2,0.03182,12.7,54.0,0,3723,,wired,0,reads_only
32.0,4026,369.1,0,0,none,218.6,312.0,64471,none,0,4026,157.4,0,replication_2,0.02588,16.8,49.4,0,4026,,wired,0,reads_only
32.1,4177,385.1,0,0,none,215.9,321.9,82104,none,0,4177,144.6,0,replication_2,0.02457,21.0,47.6,0,4177,,wired,0,reads_only
24.6,3886,428.6,0,0,none,248.9,345.0,98420,none,0,3886,177.7,0,replication_2,0.02048,25.2,51.8,0,3886,,wired,0,reads_only
26.5,4044,510.1,0,0,none,240.0,360.4,115484,none,0,4044,163.6,0,replication_2,0.01922,29.4,49.6,0,4044,,wired,0,reads_only
31.6,3882,428.9,0,0,none,210.4,331.6,117972,none,0,3882,154.8,0,replication_2,0.16336,30.1,51.3,0,3882,,wired,0,reads_only
79.0,2067,406.1,0,0,none,248.1,327.4,8257,none,0,2067,181.7,0,replication_2,0.0,4.0,88.7,0,2067,,wired,0,writes_only
66.6,2634,361.5,0,0,none,227.8,326.9,19449,none,0,2634,167.8,0,replication_2,0.07883,8.2,75.9,0,2634,,wired,0,writes_only
63.0,2757,329.3,0,0,none,245.5,279.4,31130,none,0,2757,153.7,0,replication_2,0.06395,12.5,72.1,0,2757,,wired,0,writes_only
63.4,2749,395.3,0,0,none,221.2,278.1,42793,none,0,2749,163.1,0,replication_2,0.05239,16.7,73.0,0,2749,,wired,0,writes_only
71.3,2569,435.9,0,0,none,229.6,302.5,53274,none,0,2569,159.3,0,replication_2,0.04197,20.8,78.0,0,2569,,wired,0,writes_only
57.3,3094,408.9,0,0,none,197.7,260.7,66161,none,0,3094,137.8,0,replication_2,0.04659,25.0,64.3,0,3094,,wired,0,writes_only
66.9,2641,373.0,0,0,none,218.1,282.9,77027,none,0,2641,157.3,0,replication_2,0.03997,29.1,75.4,0,2641,,wired,0,writes_only
72.9,2722,384.3,0,0,none,201.9,267.4,79706,none,0,2722,173.0,0,replication_2,0.06684,30.1,77.6,0,2722,,wired,0,writes_only
31.4,4122,404.0,0,0,none,208.9,301.2,16488,none,0,4122,141.7,0,replication_3,0.0,4.0,46.0,0,4122,,wired,0,reads_only
26.6,3947,408.9,0,0,none,238.0,326.6,33938,none,0,3947,169.7,0,replication_3,0.01868,8.4,51.0,0,3947,,wired,0,reads_only
26.8,3945,480.5,0,0,none,236.3,319.8,50368,none,0,3945,169.3,0,replication_3,0.01247,12.6,50.4,0,3945,,wired,0,reads_only
22.4,3503,484.4,0,0,none,279.7,369.6,65287,none,0,3503,200.8,0,replication_3,0.02731,16.8,57.1,0,3503,,wired,0,reads_only
21.0,3279,462.2,0,0,none,297.8,405.0,79172,none,0,3279,218.8,0,replication_3,0.03585,21.1,61.2,0,3279,,wired,0,reads_only
20.1,3444,426.8,0,0,none,297.8,393.2,93603,none,0,3444,199.8,0,replication_3,0.03323,25.3,58.0,0,3444,,wired,0,reads_only
33.6,3777,517.5,0,0,none,235.1,350.7,110369,none,0,3777,163.6,0,replication_3,0.02866,29.7,52.8,0,3777,,wired,0,reads_only
34.9,3643,315.9,0,0,none,237.9,312.5,111657,none,0,3643,184.9,0,replication_3,0.44398,30.1,58.4,0,3643,,wired,0,reads_only
82.7,2059,340.5,0,0,none,229.6,308.5,8239,none,0,2059,183.2,0,replication_3,0.0,4.0,91.3,0,2059,,wired,0,writes_only
67.8,2643,321.4,0,0,none,212.3,273.7,19555,none,0,2643,156.2,0,replication_3,0.084,8.3,75.7,0,2643,,wired,0,writes_only
62.7,2822,342.9,0,0,none,211.9,264.5,31613,none,0,2822,155.1,0,replication_3,0.07339,12.6,70.8,0,2822,,wired,0,writes_only
70.1,2510,427.3,0,0,none,262.1,367.8,42263,none,0,2510,169.9,0,replication_3,0.05496,16.8,79.4,0,2510,,wired,0,writes_only
72.3,2509,415.5,0,0,none,238.0,347.3,52881,none,0,2509,164.9,0,replication_3,0.04392,21.0,80.1,0,2509,,wired,0,writes_only
59.5,3082,332.4,0,0,none,191.6,255.2,65694,none,0,3082,134.7,0,replication_3,0.04768,25.2,64.5,0,3082,,wired,0,writes_only
76.9,2405,369.9,0,0,none,230.9,332.7,75723,none,0,2405,171.4,0,replication_3,0.04248,29.4,83.2,0,2405,,wired,0,writes_only
67.8,2917,332.1,0,0,none,184.7,244.3,77689,none,0,2917,130.1,0,replication_3,0.11248,30.0,70.9,0,2917,,wired,0,writes_only
32.0,4337,343.9,0,0,none,188.5,250.5,17351,none,0,4337,124.0,0,none,0.0,4.0,44.0,0,4337,,wired,0,reads_only
36.6,3872,362.3,0,0,none,218.6,292.8,34047,none,0,3872,154.9,0,none,0.04074,8.3,51.4,0,3872,,wired,0,reads_only
38.5,3536,423.9,0,0,none,247.6,368.8,48970,none,0,3536,168.7,0,none,0.04512,12.5,56.6,0,3536,,wired,0,reads_only
43.5,3613,393.0,0,0,none,229.1,304.9,63910,none,0,3613,156.1,0,none,0.03791,16.7,55.2,0,3613,,wired,0,reads_only
43.3,3668,537.4,0,0,none,219.8,322.7,79162,none,0,3668,153.1,0,none,0.03035,20.8,54.5,0,3668,,wired,0,reads_only
25.4,2234,737.1,0,0,none,491.5,631.8,88693,none,0,2234,349.4,0,none,0.0642,25.1,88.7,0,2234,,wired,0,reads_only
14.0,2202,744.0,0,0,none,451.7,561.0,98516,none,0,2202,341.0,0,none,0.07411,29.6,89.5,0,2202,,wired,0,reads_only
63.7,1806,632.3,0,0,none,488.1,583.0,99624,none,0,1806,407.4,0,none,-1.81855,30.2,126.2,0,1806,,wired,0,reads_only
97.3,1742,564.7,0,0,none,316.1,407.4,6966,none,0,1742,226.8,0,none,0.0,4.0,107.9,0,1742,,wired,0,writes_only
86.5,2047,540.0,0,0,none,295.2,385.1,16453,none,0,2047,211.3,0,none,0.04706,8.6,98.4,0,2047,,wired,0,writes_only
75.8,2324,359.9,0,0,none,251.3,303.8,26254,none,0,2324,183.9,0,none,0.0528,12.9,85.5,0,2324,,wired,0,writes_only
68.7,2636,318.8,0,0,none,212.2,286.0,37481,none,0,2636,162.3,0,none,0.06185,17.1,76.0,0,2636,,wired,0,writes_only
71.4,2453,376.4,0,0,none,226.5,299.6,47876,none,0,2453,173.1,0,none,0.0519,21.3,81.2,0,2453,,wired,0,writes_only
68.5,2584,331.4,0,0,none,213.6,273.4,59034,none,0,2584,168.4,0,none,0.04635,25.7,77.7,0,2584,,wired,0,writes_only
62.7,2902,349.4,0,0,none,208.4,263.3,70979,none,0,2902,149.4,0,none,0.0499,29.8,69.0,0,2902,,wired,0,writes_only
69.0,2882,227.8,0,0,none,182.6,204.9,71699,none,0,2882,126.6,0,none,0.55048,30.0,71.5,0,2882,,wired,0,writes_only
30.3,3315,537.4,0,0,none,276.0,383.5,13263,none,0,3315,186.5,0,replication_1,0.0,4.0,56.5,0,3315,,wired,0,reads_only
25.9,3574,563.1,0,0,none,279.4,433.8,28721,none,0,3574,187.7,0,replication_1,0.02485,8.3,55.9,0,3574,,wired,0,reads_only
35.4,3743,426.5,0,0,none,247.1,323.0,44874,none,0,3743,165.5,0,replication_1,0.02051,12.6,53.3,0,3743,,wired,0,reads_only
32.7,3901,400.3,0,0,none,226.9,304.9,61291,none,0,3901,159.1,0,replication_1,0.02117,16.9,51.5,0,3901,,wired,0,reads_only
29.2,3891,477.1,0,0,none,241.8,400.6,77463,none,0,3891,162.5,0,replication_1,0.02097,21.0,51.2,0,3891,,wired,0,reads_only
27.7,4074,475.8,0,0,none,240.9,346.8,94958,none,0,4074,160.2,0,replication_1,0.02294,25.3,49.0,0,4074,,wired,0,reads_only
27.4,3990,393.0,0,0,none,236.6,326.1,112123,none,0,3990,162.1,0,replication_1,0.02019,29.6,50.2,0,3990,,wired,0,reads_only
32.6,4518,278.1,0,0,none,177.7,233.8,114153,none,0,4518,124.6,0,replication_1,0.17153,30.1,45.0,0,4518,,wired,0,reads_only
76.2,2234,593.5,0,0,none,258.9,396.4,8939,none,0,2234,182.5,0,replication_1,0.0,4.0,86.5,0,2234,,wired,0,writes_only
78.0,2349,374.3,0,0,none,244.7,333.4,19081,none,0,2349,184.2,0,replication_1,0.00707,8.3,85.2,0,2349,,wired,0,writes_only
68.5,2680,373.8,0,0,none,200.3,259.3,30571,none,0,2680,155.6,0,replication_1,0.03428,12.6,74.2,0,2680,,wired,0,writes_only
65.8,2725,465.3,0,0,none,201.3,287.6,42013,none,0,2725,155.1,0,replication_1,0.03703,16.8,73.1,0,2725,,wired,0,writes_only
71.4,2456,437.0,0,0,none,252.6,324.8,52625,none,0,2456,173.8,0,replication_1,0.03007,21.1,81.9,0,2456,,wired,0,writes_only
62.5,2935,357.6,0,0,none,198.8,288.6,64956,none,0,2935,144.0,0,replication_1,0.03324,25.3,68.5,0,2935,,wired,0,writes_only
75.0,2415,399.2,0,0,none,219.2,294.9,75138,none,0,2415,163.3,0,replication_1,0.03008,29.5,82.0,0,2415,,wired,0,writes_only
96.4,2262,333.2,0,0,none,254.1,327.7,75983,none,0,2262,182.5,0,replication_1,0.41548,29.9,98.8,0,2262,,wired,0,writes_only
33.2,3625,397.7,0,0,none,233.7,318.0,14501,none,0,3625,169.0,0,replication_2,0.0,4.0,53.1,0,3625,,wired,0,reads_only
30.2,3854,510.4,0,0,none,256.0,338.2,30999,none,0,3854,170.3,0,replication_2,0.0295,8.3,51.6,0,3854,,wired,0,reads_only
29.1,3710,475.5,0,0,none,254.0,343.4,47012,none,0,3710,174.9,0,replication_2,0.01981,12.6,54.3,0,3710,,wired,0,reads_only
27.9,3899,410.8,0,0,none,227.8,320.1,63213,none,0,3899,163.7,0,replication_2,0.01631,16.8,51.2,0,3899,,wired,0,reads_only
28.3,3875,455.6,0,0,none,253.6,341.0,79921,none,0,3875,172.4,0,replication_2,0.01377,21.1,51.5,0,3875,,wired,0,reads_only
25.2,3848,442.8,0,0,none,246.2,319.8,96236,none,0,3848,174.1,0,replication_2,0.01159,25.3,52.0,0,3848,,wired,0,reads_only
29.1,3700,447.0,0,0,none,245.4,325.3,112151,none,0,3700,177.5,0,replication_2,0.01072,29.6,54.1,0,3700,,wired,0,reads_only
35.5,3526,288.1,0,0,none,239.9,281.8,113735,none,0,3526,159.9,0,replication_2,0.13281,30.1,57.8,0,3526,,wired,0,reads_only
85.2,1979,508.3,0,0,none,273.9,377.0,7904,none,0,1979,194.5,0,replication_2,0.0,4.0,96.1,0,1979,,wired,0,writes_only
80.3,2290,401.9,0,0,none,261.1,361.5,17652,none,0,2290,181.4,0,replication_2,0.03857,8.3,87.1,0,2290,,wired,0,writes_only
67.3,2558,427.0,0,0,none,237.8,305.9,28203,none,0,2558,178.8,0,replication_2,0.05432,12.4,78.3,0,2558,,wired,0,writes_only
75.6,2405,451.4,0,0,none,227.3,292.8,38190,none,0,2405,172.8,0,replication_2,0.04203,16.5,82.9,0,2405,,wired,0,writes_only
70.3,2578,422.3,0,0,none,232.3,302.8,48958,none,0,2578,167.1,0,replication_2,0.03801,20.7,76.9,0,2578,,wired,0,writes_only
68.6,2698,353.4,0,0,none,204.2,278.9,60258,none,0,2698,160.0,0,replication_2,0.03548,24.9,74.8,0,2698,,wired,0,writes_only
72.4,2464,547.4,0,0,none,271.8,367.8,70444,none,0,2464,179.4,0,replication_2,0.03101,29.0,81.2,0,2464,,wired,0,writes_only
70.2,2697,374.6,0,0,none,234.1,264.5,73203,none,0,2697,133.1,0,replication_2,0.06698,30.0,74.3,0,2697,,wired,0,writes_only
33.0,3780,434.6,0,0,none,222.6,304.9,15122,none,0,3780,150.6,0,replication_3,0.0,4.0,50.4,0,3780,,wired,0,reads_only
39.6,3557,424.7,0,0,none,238.7,336.6,30686,none,0,3557,168.2,0,replication_3,0.02608,8.4,56.0,0,3557,,wired,0,reads_only
31.3,3965,421.8,0,0,none,231.5,331.6,47343,none,0,3965,156.5,0,replication_3,0.02664,12.6,50.8,0,3965,,wired,0,reads_only
32.2,3950,436.5,0,0,none,227.9,309.6,64175,none,0,3950,155.8,0,replication_3,0.02232,16.8,50.4,0,3950,,wired,0,reads_only
30.8,3499,492.3,0,0,none,270.3,363.6,78948,none,0,3499,189.0,0,replication_3,0.02186,21.1,57.6,0,3499,,wired,0,reads_only
26.7,3581,443.3,0,0,none,259.7,348.9,94066,none,0,3581,185.2,0,replication_3,0.0196,25.3,55.4,0,3581,,wired,0,reads_only
25.3,3115,607.6,0,0,none,313.8,408.4,107440,none,0,3115,221.5,0,replication_3,0.02424,29.6,64.5,0,3115,,wired,0,reads_only
38.5,2539,364.1,0,0,none,315.4,339.5,108759,none,0,2539,242.4,0,replication_3,0.11276,30.1,77.8,0,2539,,wired,0,reads_only
98.2,1818,459.5,0,0,none,294.9,396.4,7255,none,0,1818,208.5,0,replication_3,0.0,4.0,103.8,0,1818,,wired,0,writes_only
97.4,1819,639.6,0,0,none,362.8,501.5,15375,none,0,1819,245.8,0,replication_3,0.01167,8.5,110.5,0,1819,,wired,0,writes_only
71.8,2544,349.4,0,0,none,215.1,298.6,26330,none,0,2544,165.7,0,replication_3,0.08024,12.8,78.1,0,2544,,wired,0,writes_only
71.8,2473,421.5,0,0,none,259.3,357.3,36513,none,0,2473,183.8,0,replication_3,0.06956,16.9,81.4,0,2473,,wired,0,writes_only
82.4,2137,516.7,0,0,none,313.3,430.4,45305,none,0,2137,207.5,0,replication_3,0.05558,21.0,93.1,0,2137,,wired,0,writes_only
73.1,2386,437.3,0,0,none,253.1,344.7,55263,none,0,2386,181.9,0,replication_3,0.04784,25.2,83.6,0,2386,,wired,0,writes_only
63.5,2830,352.8,0,0,none,199.6,265.6,67121,none,0,2830,152.7,0,replication_3,0.051,29.4,70.3,0,2830,,wired,0,writes_only
75.6,2520,270.8,0,0,none,215.2,250.0,68908,none,0,2520,178.8,0,replication_3,0.0769,30.1,83.5,0,2520,,wired,0,writes_only
27.6,2748,548.9,0,0,none,331.1,417.6,10992,none,0,2748,227.5,0,none,0.0,4.0,69.2,0,2748,,wired,0,reads_only
23.6,3212,514.3,0,0,none,323.7,423.1,25304,none,0,3212,229.5,0,none,0.04626,8.5,62.0,0,3212,,wired,0,reads_only
21.6,2863,618.7,0,0,none,362.3,457.2,37940,none,0,2863,259.4,0,none,0.03171,12.9,71.0,0,2863,,wired,0,reads_only
29.6,3652,472.1,0,0,none,280.8,415.2,53846,none,0,3652,183.8,0,none,0.04895,17.2,54.7,0,3652,,wired,0,reads_only
25.7,3629,535.6,0,0,none,269.0,349.4,69375,none,0,3629,185.5,0,none,0.04748,21.5,55.1,0,3629,,wired,0,reads_only
30.1,4085,503.8,0,0,none,226.0,386.9,86708,none,0,4085,151.9,0,none,0.05364,25.7,48.8,0,4085,,wired,0,reads_only
35.3,3901,395.6,0,0,none,234.7,353.9,103314,none,0,3901,154.3,0,none,0.04784,30.0,51.5,0,3901,,wired,0,reads_only
80.5,2115,354.7,0,0,none,230.0,316.1,8455,none,0,2115,172.1,0,none,0.0,4.0,87.7,0,2115,,wired,0,writes_only
79.2,2232,429.9,0,0,none,283.9,358.4,17981,none,0,2232,202.6,0,none,0.02381,8.3,90.7,0,2232,,wired,0,writes_only
68.7,2619,394.5,0,0,none,219.9,327.7,28954,none,0,2619,163.4,0,none,0.05413,12.5,76.4,0,2619,,wired,0,writes_only
70.0,2424,438.3,0,0,none,275.3,365.7,39189,none,0,2424,185.9,0,none,0.04171,16.7,82.3,0,2424,,wired,0,writes_only
70.4,2451,464.0,0,0,none,228.3,334.5,49254,none,0,2451,173.4,0,none,0.03476,20.8,81.6,0,2451,,wired,0,writes_only
69.1,2702,312.5,0,0,none,212.5,261.1,60721,none,0,2702,149.2,0,none,0.03272,25.0,73.8,0,2702,,wired,0,writes_only
65.7,2750,413.1,0,0,none,206.6,278.1,72141,none,0,2750,147.7,0,none,0.03291,29.2,71.9,0,2750,,wired,0,writes_only
89.3,2183,345.8,0,0,none,246.7,329.0,73941,none,0,2183,217.6,0,none,0.0502,30.0,97.3,0,2183,,wired,0,writes_only
36.3,3174,433.8,0,0,none,267.6,331.6,12707,none,0,3174,186.6,0,replication_1,0.0,4.0,59.9,0,3174,,wired,0,reads_only
28.9,3897,433.1,0,0,none,234.2,321.4,29362,none,0,3897,167.0,0,replication_1,0.06965,8.3,51.1,0,3897,,wired,0,reads_only
32.1,3942,416.3,0,0,none,235.4,313.5,46400,none,0,3942,160.8,0,replication_1,0.05265,12.6,51.2,0,3942,,wired,0,reads_only
38.9,3697,338.2,0,0,none,221.2,280.8,62241,none,0,3697,156.8,0,replication_1,0.03985,16.9,53.6,0,3697,,wired,0,reads_only
29.1,4022,471.3,0,0,none,230.3,322.4,79390,none,0,4022,158.7,0,replication_1,0.03678,21.1,49.9,0,4022,,wired,0,reads_only
27.6,4057,452.5,0,0,none,237.9,337.9,96469,none,0,4057,164.6,0,replication_1,0.03325,25.4,49.3,0,4057,,wired,0,reads_only
24.9,3687,478.9,0,0,none,249.6,332.9,111811,none,0,3687,181.7,0,replication_1,0.02861,29.5,54.4,0,3687,,wired,0,reads_only
33.3,4155,365.2,0,0,none,195.6,272.1,114138,none,0,4155,132.2,0,replication_1,0.17558,30.1,47.8,0,4155,,wired,0,reads_only
94.0,1802,640.2,0,0,none,293.6,378.8,7207,none,0,1802,213.1,0,replication_1,0.0,4.0,104.1,0,1802,,wired,0,writes_only
90.5,2103,425.2,0,0,none,249.8,343.9,16249,none,0,2103,189.5,0,replication_1,0.02975,8.3,96.0,0,2103,,wired,0,writes_only
64.7,2643,367.5,0,0,none,247.7,336.1,27271,none,0,2643,167.4,0,replication_1,0.0752,12.5,75.2,0,2643,,wired,0,writes_only
68.6,2570,448.5,0,0,none,243.4,324.5,38078,none,0,2570,160.7,0,replication_1,0.06458,16.7,77.9,0,2570,,wired,0,writes_only
76.4,2355,458.2,0,0,none,242.9,334.0,48176,none,0,2355,179.0,0,replication_1,0.05163,21.0,85.4,0,2355,,wired,0,writes_only
65.4,2784,329.0,0,0,none,204.3,259.5,59703,none,0,2784,144.6,0,replication_1,0.04901,25.1,71.6,0,2784,,wired,0,writes_only
66.9,2728,325.6,0,0,none,213.1,267.0,71054,none,0,2728,157.4,0,replication_1,0.04399,29.3,73.5,0,2728,,wired,0,writes_only
84.7,2197,339.2,0,0,none,228.5,266.2,72771,none,0,2197,183.9,0,replication_1,0.06087,30.0,92.8,0,2197,,wired,0,writes_only
31.6,3188,535.6,0,0,none,298.8,382.7,12749,none,0,3188,189.8,0,replication_2,0.0,4.0,59.2,0,3188,,wired,0,reads_only
32.8,3681,410.3,0,0,none,243.8,313.3,28489,none,0,3681,173.3,0,replication_2,0.03565,8.3,54.4,0,3681,,wired,0,reads_only
32.1,3651,449.3,0,0,none,get_field_names_from_keys(list_of_dictionaries=list_of_dictionaries_analogue_to_convert_csv)249.6,329.3,43799,none,0,3651,172.8,0,replication_2,0.02758,12.5,54.8,0,3651,,wired,0,reads_only
27.3,3552,507.5,0,0,none,280.2,365.7,58872,none,0,3552,186.5,0,replication_2,0.02112,16.7,56.3,0,3552,,wired,0,reads_only
40.3,3632,461.1,0,0,none,231.5,314.0,74523,none,0,3632,159.8,0,replication_2,0.01738,21.0,54.7,0,3632,,wired,0,reads_only
22.1,3168,516.9,0,0,none,304.6,414.7,87959,none,0,3168,223.2,0,replication_2,0.02084,25.3,63.1,0,3168,,wired,0,reads_only
31.3,3206,517.5,0,0,none,305.4,398.5,102008,none,0,3206,218.8,0,replication_2,0.02058,29.6,62.4,0,3206,,wired,0,reads_only
34.2,3090,490.5,0,0,none,319.3,443.3,103324,none,0,3090,235.8,0,replication_2,3.32323,30.1,70.6,0,3090,,wired,0,reads_only
111.8,1435,538.4,0,0,none,380.6,485.8,5732,none,0,1435,272.9,0,replication_2,0.0,4.0,127.3,0,1435,,wired,0,writes_only
121.8,1507,628.1,0,0,none,363.3,482.9,12352,none,0,1507,273.4,0,replication_2,0.02043,8.4,134.2,0,1507,,wired,0,writes_only
68.0,2537,365.2,0,0,none,236.2,320.1,23052,none,0,2537,172.0,0,replication_2,0.14136,12.6,78.3,0,2537,,wired,0,writes_only
67.9,2610,364.1,0,0,none,222.6,304.9,34191,none,0,2610,159.6,0,replication_2,0.12274,16.9,75.4,0,2610,,wired,0,writes_only
82.2,2266,425.7,0,0,none,238.3,307.5,43745,none,0,2266,184.5,0,replication_2,0.09806,21.1,88.4,0,2266,,wired,0,writes_only
71.2,2569,373.3,0,0,none,228.9,295.4,54197,none,0,2569,167.1,0,replication_2,0.08528,25.2,78.9,0,2569,,wired,0,writes_only
67.3,2724,437.0,0,0,none,209.2,272.4,65647,none,0,2724,152.6,0,replication_2,0.0782,29.4,72.9,0,2724,,wired,0,writes_only
95.1,2168,310.9,0,0,none,221.8,289.9,67271,none,0,2168,175.4,0,replication_2,0.08394,30.1,96.0,0,2168,,wired,0,writes_only
41.2,3288,444.1,0,0,none,237.6,333.2,13153,none,0,3288,164.4,0,replication_3,0.0,4.0,56.5,0,3288,,wired,0,reads_only
20.2,2583,627.6,0,0,none,374.6,504.9,24135,none,0,2583,269.0,0,replication_3,0.07022,8.3,77.1,0,2583,,wired,0,reads_only
25.1,2749,610.8,0,0,none,367.3,501.0,36178,none,0,2749,259.4,0,replication_3,0.04962,12.6,72.5,0,2749,,wired,0,reads_only
21.5,2982,645.4,0,0,none,335.8,429.1,49454,none,0,2982,239.6,0,replication_3,0.03852,17.1,67.5,0,2982,,wired,0,reads_only
23.9,3286,473.7,0,0,none,285.0,365.7,63706,none,0,3286,211.0,0,replication_3,0.03495,21.4,61.5,0,3286,,wired,0,reads_only
23.2,3619,478.9,0,0,none,283.6,380.1,78659,none,0,3619,189.5,0,replication_3,0.04047,25.6,55.1,0,3619,,wired,0,reads_only
26.4,3596,481.8,0,0,none,267.0,381.4,94098,none,0,3596,190.8,0,replication_3,0.03893,29.8,55.6,0,3596,,wired,0,reads_only
70.8,2773,286.3,0,0,none,252.4,279.4,94737,none,0,2773,199.9,0,replication_3,1.02389,30.1,76.0,0,2773,,wired,0,reads_only
92.6,1876,496.8,0,0,none,296.5,427.3,7497,none,0,1876,207.6,0,replication_3,0.0,4.0,101.3,0,1876,,wired,0,writes_only
80.2,2261,431.5,0,0,none,267.0,353.9,17209,none,0,2261,184.5,0,replication_3,0.05635,8.3,87.6,0,2261,,wired,0,writes_only
82.9,2203,434.9,0,0,none,263.3,354.4,26175,none,0,2203,198.4,0,replication_3,0.04009,12.4,91.7,0,2203,,wired,0,writes_only
67.6,2687,313.0,0,0,none,212.3,275.8,37371,none,0,2687,156.0,0,replication_3,0.05397,16.5,73.9,0,2687,,wired,0,writes_only
68.7,2555,399.5,0,0,none,232.7,301.5,48307,none,0,2555,174.9,0,replication_3,0.04738,20.8,78.5,0,2555,,wired,0,writes_only
66.9,2654,398.7,0,0,none,237.8,293.3,59863,none,0,2654,160.0,0,replication_3,0.04367,25.2,75.4,0,2654,,wired,0,writes_only
71.8,2519,420.0,0,0,none,213.9,300.7,70187,none,0,2519,166.1,0,replication_3,0.03813,29.3,79.4,0,2519,,wired,0,writes_only
70.7,2597,322.7,0,0,none,202.0,306.4,72263,none,0,2597,153.6,0,replication_3,0.07598,30.1,77.2,0,2597,,wired,0,writes_only
32.2,3267,518.3,0,0,none,270.3,394.8,13070,none,0,3267,191.4,0,none,0.0,4.0,58.6,0,3267,,wired,0,reads_only
24.2,3477,499.6,0,0,none,261.9,359.7,28175,none,0,3477,194.4,0,none,0.01612,8.3,57.1,0,3477,,wired,0,reads_only
32.2,3806,377.2,0,0,none,243.7,325.1,44460,none,0,3806,169.2,0,none,0.02521,12.6,52.2,0,3806,,wired,0,reads_only
30.8,3597,454.3,0,0,none,255.9,341.8,59736,none,0,3597,184.7,0,none,0.01927,16.9,56.0,0,3597,,wired,0,reads_only
29.9,3689,465.3,0,0,none,255.3,356.0,75361,none,0,3689,175.4,0,none,0.01712,21.1,54.0,0,3689,,wired,0,reads_only
25.6,3566,481.3,0,0,none,260.0,346.6,90333,none,0,3566,187.2,0,none,0.01428,25.3,55.8,0,3566,,wired,0,reads_only
24.9,3557,443.5,0,0,none,260.7,353.4,105829,none,0,3557,189.9,0,none,0.01237,29.7,56.1,0,3557,,wired,0,reads_only
38.3,3297,408.4,0,0,none,237.1,333.2,107202,none,0,3297,205.7,0,none,0.78413,30.1,64.8,0,3297,,wired,0,reads_only
87.2,2003,385.1,0,0,none,251.9,337.1,8013,none,0,2003,189.8,0,none,0.0,4.0,95.4,0,2003,,wired,0,writes_only
80.8,2237,403.7,0,0,none,264.2,321.1,17810,none,0,2237,189.4,0,none,0.0375,8.4,89.8,0,2237,,wired,0,writes_only
68.7,2479,418.6,0,0,none,247.1,276.3,28338,none,0,2479,177.9,0,none,0.05087,12.6,80.2,0,2479,,wired,0,writes_only
72.6,2462,440.9,0,0,none,238.8,289.4,38470,none,0,2462,174.3,0,none,0.04409,16.7,81.3,0,2462,,wired,0,writes_only
78.0,2269,540.5,0,0,none,275.5,348.9,48289,none,0,2269,201.5,0,none,0.03529,21.1,88.2,0,2269,,wired,0,writes_only
79.7,2266,380.6,0,0,none,255.6,319.0,57882,none,0,2266,194.2,0,none,0.02981,25.3,88.6,0,2266,,wired,0,writes_only
71.0,2647,338.7,0,0,none,213.6,272.1,69093,none,0,2647,148.1,0,none,0.03028,29.5,75.1,0,2647,,wired,0,writes_only
78.6,2244,307.0,0,0,none,258.7,292.3,70240,none,0,2244,208.1,0,none,0.12131,30.0,92.2,0,2244,,wired,0,writes_only
26.3,2562,536.1,0,0,none,337.6,459.0,10248,none,0,2562,248.8,0,replication_1,0.0,4.0,73.1,0,2562,,wired,0,reads_only
20.3,2833,688.4,0,0,none,353.1,460.3,22803,none,0,2833,250.2,0,replication_1,0.0444,8.4,70.2,0,2833,,wired,0,reads_only
24.2,3015,569.9,0,0,none,323.5,436.5,35884,none,0,3015,236.7,0,replication_1,0.03889,12.8,66.7,0,3015,,wired,0,reads_only
29.9,3045,550.0,0,0,none,319.3,399.0,49288,none,0,3045,224.3,0,replication_1,0.03202,17.2,65.8,0,3045,,wired,0,reads_only
27.4,3835,461.6,0,0,none,259.7,392.7,65453,none,0,3835,172.6,0,replication_1,0.05594,21.4,52.2,0,3835,,wired,0,reads_only
27.4,3998,463.2,0,0,none,247.3,363.6,82914,none,0,3998,169.1,0,replication_1,0.0597,25.8,50.2,0,3998,,wired,0,reads_only
35.2,3601,403.7,0,0,none,240.9,315.4,98105,none,0,3601,169.9,0,replication_1,0.05174,30.0,55.2,0,3601,,wired,0,reads_only
98.0,1696,499.4,0,0,none,337.1,423.1,6784,none,0,1696,233.4,0,replication_1,0.0,4.0,108.8,0,1696,,wired,0,writes_only
116.9,1593,632.8,0,0,none,358.1,521.1,13826,none,0,1593,272.6,0,replication_1,0.01461,8.4,126.4,0,1593,,wired,0,writes_only
75.4,2374,365.7,0,0,none,253.6,307.0,23937,none,0,2374,180.2,0,replication_1,0.08961,12.7,84.0,0,2374,,wired,0,writes_only
68.6,2650,512.8,0,0,none,220.1,281.8,35836,none,0,2650,161.2,0,replication_1,0.10018,17.2,75.4,0,2650,,wired,0,writes_only
78.0,2269,398.2,0,0,none,254.8,331.4,45235,none,0,2269,186.0,0,replication_1,0.07999,21.3,88.0,0,2269,,wired,0,writes_only
72.2,2505,367.5,0,0,none,220.6,278.9,55439,none,0,2505,155.1,0,replication_1,0.06902,25.4,79.3,0,2505,,wired,0,writes_only
65.1,2787,337.1,0,0,none,204.3,280.2,67235,none,0,2787,156.1,0,replication_1,0.06493,29.6,72.0,0,2787,,wired,0,writes_only
68.5,2955,220.5,0,0,none,205.7,217.1,68431,none,0,2955,183.5,0,replication_1,0.16057,30.0,73.8,0,2955,,wired,0,writes_only
24.1,2699,654.8,0,0,none,406.6,521.1,10752,none,0,2699,269.2,0,replication_2,0.0,4.0,70.2,0,2699,,wired,0,reads_only
17.8,2349,676.9,0,0,none,409.2,568.3,21305,none,0,2349,303.3,0,replication_2,0.05462,8.5,85.3,0,2349,,wired,0,reads_only
20.7,2027,714.6,0,0,none,501.5,589.3,30263,none,0,2027,351.8,0,replication_2,0.06842,12.9,97.1,0,2027,,wired,0,reads_only
18.2,2564,807.9,0,0,none,404.5,531.9,41731,none,0,2564,283.4,0,replication_2,0.05552,17.4,79.2,0,2564,,wired,0,reads_only
30.0,3763,409.2,0,0,none,262.5,353.6,57624,none,0,3763,178.0,0,replication_2,0.08354,21.6,53.9,0,3763,,wired,0,reads_only
34.5,3621,409.2,0,0,none,252.7,326.1,73321,none,0,3621,174.3,0,replication_2,0.07752,25.9,55.3,0,3621,,wired,0,reads_only
28.3,3587,501.0,0,0,none,263.7,380.6,88230,none,0,3587,189.7,0,replication_2,0.07126,30.1,55.6,0,3587,,wired,0,reads_only
91.4,1847,389.5,0,0,none,283.6,344.7,7351,none,0,1847,213.6,0,replication_2,0.0,4.0,103.7,0,1847,,wired,0,writes_only
76.2,2318,389.5,0,0,none,265.2,347.1,17512,none,0,2318,184.8,0,replication_2,0.07647,8.4,86.7,0,2318,,wired,0,writes_only
68.5,2526,477.4,0,0,none,243.3,385.6,27962,none,0,2526,175.1,0,replication_2,0.07737,12.5,79.4,0,2526,,wired,0,writes_only
69.5,2373,423.4,0,0,none,261.5,337.6,38057,none,0,2373,198.6,0,replication_2,0.05864,16.8,83.7,0,2373,,wired,0,writes_only
75.2,2354,419.7,0,0,none,232.5,342.9,47948,none,0,2354,177.6,0,replication_2,0.04704,21.0,85.0,0,2354,,wired,0,writes_only
66.7,2664,343.9,0,0,none,224.4,278.9,59078,none,0,2664,162.4,0,replication_2,0.0438,25.1,75.4,0,2664,,wired,0,writes_only
66.7,2753,363.1,0,0,none,197.0,260.6,70399,none,0,2753,148.5,0,replication_2,0.0422,29.2,72.2,0,2753,,wired,0,writes_only
76.7,2682,260.0,0,0,none,185.6,222.8,72383,none,0,2682,154.1,0,replication_2,0.06985,30.0,79.8,0,2682,,wired,0,writes_only
35.4,3991,337.9,0,0,none,191.9,270.0,15963,none,0,3991,135.8,0,replication_3,0.0,4.0,47.5,0,3991,,wired,0,reads_only
29.5,3649,449.3,0,0,none,253.1,347.9,32012,none,0,3649,180.0,0,replication_3,0.02472,8.4,54.4,0,3649,,wired,0,reads_only
27.3,3747,479.7,0,0,none,247.5,333.4,47932,none,0,3747,175.1,0,replication_3,0.01649,12.6,52.8,0,3747,,wired,0,reads_only
25.3,3546,412.1,0,0,none,269.0,373.0,62889,none,0,3546,192.2,0,replication_3,0.01952,16.9,57.0,0,3546,,wired,0,reads_only
25.3,3745,461.1,0,0,none,244.7,340.0,78718,none,0,3745,174.3,0,replication_3,0.01579,21.1,53.7,0,3745,,wired,0,reads_only
28.4,3873,526.9,0,0,none,237.2,321.1,94778,none,0,3873,167.1,0,replication_3,0.01651,25.2,51.3,0,3873,,wired,0,reads_only
30.1,3809,401.1,0,0,none,241.6,330.0,110947,none,0,3809,168.7,0,replication_3,0.01415,29.5,52.5,0,3809,,wired,0,reads_only
42.8,3228,395.6,0,0,none,280.2,372.8,112844,none,0,3228,202.5,0,replication_3,0.13549,30.1,64.1,0,3228,,wired,0,reads_only
96.4,1688,554.2,0,0,none,323.0,432.0,6744,none,0,1688,244.2,0,replication_3,0.0,4.0,111.3,0,1688,,wired,0,writes_only
81.7,2159,398.5,0,0,none,309.6,352.3,16107,none,0,2159,199.5,0,replication_3,0.06799,8.3,92.8,0,2159,,wired,0,writes_only
76.1,2258,434.9,0,0,none,243.1,314.3,25306,none,0,2258,197.7,0,replication_3,0.06061,12.4,88.6,0,2258,,wired,0,writes_only
74.0,2508,350.7,0,0,none,210.6,298.8,35682,none,0,2508,165.0,0,replication_3,0.05948,16.5,79.6,0,2508,,wired,0,writes_only
70.3,2607,337.4,0,0,none,213.5,301.2,46663,none,0,2607,158.7,0,replication_3,0.05544,20.8,76.5,0,2607,,wired,0,writes_only
80.0,2221,512.0,0,0,none,266.1,344.2,55757,none,0,2221,199.1,0,replication_3,0.04615,24.8,90.5,0,2221,,wired,0,writes_only
66.5,2656,348.4,0,0,none,213.4,271.8,66688,none,0,2656,157.2,0,replication_3,0.04397,29.0,75.0,0,2656,,wired,0,writes_only
82.4,2349,372.0,0,0,none,217.6,300.7,69273,none,0,2349,172.9,0,replication_3,0.05686,30.1,87.5,0,2349,,wired,0,writes_only
42.7,3016,431.5,0,0,none,280.8,361.5,12063,none,0,3016,194.2,0,none,0.0,4.0,64.8,0,3016,,wired,0,reads_only
29.0,3287,517.2,0,0,none,292.6,396.9,26491,none,0,3287,202.6,0,none,0.03432,8.4,60.9,0,3287,,wired,0,reads_only
22.5,3114,484.2,0,0,none,299.9,402.9,39664,none,0,3114,223.0,0,none,0.02313,12.6,63.0,0,3114,,wired,0,reads_only
23.2,3279,542.1,0,0,none,327.2,439.1,53704,none,0,3279,225.4,0,none,0.02139,16.9,62.4,0,3279,,wired,0,reads_only
35.5,3589,412.4,0,0,none,249.8,346.6,69260,none,0,3589,174.9,0,none,0.02467,21.2,55.3,0,3589,,wired,0,reads_only
30.0,3731,462.2,0,0,none,247.1,333.2,85163,none,0,3731,170.7,0,none,0.029,25.5,53.7,0,3731,,wired,0,reads_only
34.4,3773,444.9,0,0,none,241.4,320.3,100924,none,0,3773,165.5,0,none,0.02931,29.7,53.0,0,3773,,wired,0,reads_only
44.6,3921,277.1,0,0,none,182.5,245.9,102000,none,0,3921,151.9,0,none,-1.0108,29.9,55.9,0,3921,,wired,0,reads_only
83.4,1957,407.4,0,0,none,293.3,352.3,7831,none,0,1957,210.8,0,none,0.0,4.0,96.1,0,1957,,wired,0,writes_only
93.6,1905,481.3,0,0,none,333.2,461.9,16030,none,0,1905,225.3,0,none,0.0056,8.3,104.8,0,1905,,wired,0,writes_only
69.7,2524,342.1,0,0,none,222.8,281.5,26662,none,0,2524,172.1,0,none,0.06764,12.5,79.4,0,2524,,wired,0,writes_only
63.8,2786,377.7,0,0,none,213.4,263.6,38102,none,0,2786,148.0,0,none,0.07691,16.6,71.6,0,2786,,wired,0,writes_only
80.6,2333,426.5,0,0,none,237.6,295.4,48176,none,0,2333,169.7,0,none,0.06139,20.9,86.0,0,2333,,wired,0,writes_only
69.9,2503,379.3,0,0,none,249.2,323.5,58629,none,0,2503,178.8,0,none,0.05193,25.1,79.6,0,2503,,wired,0,writes_only
64.7,2834,322.2,0,0,none,186.3,243.9,70183,none,0,2834,149.3,0,none,0.04992,29.2,70.2,0,2834,,wired,0,writes_only
82.2,2350,421.8,0,0,none,212.6,297.0,72169,none,0,2350,173.4,0,none,0.09127,30.0,90.1,0,2350,,wired,0,writes_only
40.2,3267,496.2,0,0,none,262.7,392.7,13068,none,0,3267,174.5,0,replication_1,0.0,4.0,58.3,0,3267,,wired,0,reads_only
34.6,3769,379.6,0,0,none,233.8,299.9,29527,none,0,3769,164.1,0,replication_1,0.03583,8.4,52.7,0,3769,,wired,0,reads_only
34.4,3549,507.0,0,0,none,266.5,376.2,44461,none,0,3549,173.0,0,replication_1,0.02478,12.6,56.9,0,3549,,wired,0,reads_only
23.6,3128,530.6,0,0,none,321.1,422.6,57488,none,0,3128,228.9,0,replication_1,0.02856,16.7,62.9,0,3128,,wired,0,reads_only
23.5,2956,732.4,0,0,none,353.4,452.2,71419,none,0,2956,255.1,0,replication_1,0.02906,21.5,68.2,0,2956,,wired,0,reads_only
29.1,3814,476.6,0,0,none,237.9,323.7,87546,none,0,3814,171.6,0,replication_1,0.03084,25.7,52.8,0,3814,,wired,0,reads_only
26.6,3596,561.5,0,0,none,286.0,425.7,102551,none,0,3596,192.2,0,replication_1,0.02777,29.9,55.2,0,3596,,wired,0,reads_only
56.5,3258,371.2,0,0,none,250.0,282.3,103289,none,0,3258,200.5,0,replication_1,0.37933,30.1,66.8,0,3258,,wired,0,reads_only
92.5,1802,542.1,0,0,none,329.0,403.4,7211,none,0,1802,219.2,0,replication_1,0.0,4.0,103.2,0,1802,,wired,0,writes_only
82.0,2149,468.5,0,0,none,316.7,387.2,16539,none,0,2149,206.8,0,replication_1,0.05098,8.3,93.1,0,2149,,wired,0,writes_only
67.3,2702,445.9,0,0,none,212.5,350.7,27919,none,0,2702,161.6,0,replication_1,0.08952,12.6,74.7,0,2702,,wired,0,writes_only
65.6,2580,383.0,0,0,none,238.6,356.3,38822,none,0,2580,181.5,0,replication_1,0.07069,16.8,77.4,0,2580,,wired,0,writes_only
80.3,2274,417.1,0,0,none,228.6,294.1,48309,none,0,2274,180.1,0,replication_1,0.05698,21.0,87.4,0,2274,,wired,0,writes_only
66.2,2828,299.6,0,0,none,192.5,238.3,60109,none,0,2828,141.3,0,replication_1,0.05342,25.1,70.7,0,2828,,wired,0,writes_only
66.0,2722,385.1,0,0,none,203.8,283.9,71291,none,0,2722,157.8,0,replication_1,0.04807,29.2,73.6,0,2722,,wired,0,writes_only
86.4,2089,366.7,0,0,none,253.1,335.5,72978,none,0,2089,193.5,0,replication_1,0.06111,30.0,97.9,0,2089,,wired,0,writes_only
34.1,3000,763.4,0,0,none,565.2,687.9,12001,none,0,3000,192.5,0,replication_2,0.0,4.0,63.1,0,3000,,wired,0,reads_only
28.8,3630,477.4,0,0,none,282.1,375.1,27538,none,0,3630,185.2,0,replication_2,0.03434,8.3,55.3,0,3630,,wired,0,reads_only
29.4,3866,385.4,0,0,none,247.5,332.4,43623,none,0,3866,165.2,0,replication_2,0.0332,12.4,51.4,0,3866,,wired,0,reads_only
26.6,3765,512.5,0,0,none,260.4,356.5,59461,none,0,3765,175.5,0,replication_2,0.02838,16.6,52.9,0,3765,,wired,0,reads_only
28.6,3773,437.0,0,0,none,251.5,344.5,75272,none,0,3773,175.6,0,replication_2,0.02322,20.8,53.7,0,3773,,wired,0,reads_only
28.5,3645,415.5,0,0,none,253.4,361.8,90738,none,0,3645,181.4,0,replication_2,0.01958,25.1,54.5,0,3645,,wired,0,reads_only
32.4,3494,497.8,0,0,none,268.7,397.9,106131,none,0,3494,187.4,0,replication_2,0.01766,29.5,57.2,0,3494,,wired,0,reads_only
30.2,3150,362.3,0,0,none,267.4,347.3,107903,none,0,3150,204.9,0,replication_2,0.1202,30.0,64.9,0,3150,,wired,0,reads_only
99.7,1719,580.4,0,0,none,308.5,416.3,6879,none,0,1719,223.9,0,replication_2,0.0,4.0,108.6,0,1719,,wired,0,writes_only
84.4,2242,445.6,0,0,none,237.0,308.8,16449,none,0,2242,183.0,0,replication_2,0.07709,8.3,90.3,0,2242,,wired,0,writes_only
78.5,2167,459.3,0,0,none,305.9,372.5,25571,none,0,2167,213.8,0,replication_2,0.05417,12.5,92.3,0,2167,,wired,0,writes_only
71.4,2483,485.5,0,0,none,243.0,321.7,36105,none,0,2483,171.4,0,replication_2,0.05804,16.7,80.3,0,2483,,wired,0,writes_only
89.6,2068,478.7,0,0,none,288.4,353.6,44630,none,0,2068,191.5,0,replication_2,0.04737,20.8,96.6,0,2068,,wired,0,writes_only
75.8,2296,367.0,0,0,none,250.7,319.6,54146,none,0,2296,190.3,0,replication_2,0.03971,25.0,87.4,0,2296,,wired,0,writes_only
70.1,2647,267.4,0,0,none,198.0,239.1,65365,none,0,2647,152.2,0,replication_2,0.0392,29.2,75.0,0,2647,,wired,0,writes_only
79.3,2522,285.5,0,0,none,199.4,240.3,67434,none,0,2522,158.6,0,replication_2,0.06846,30.0,82.3,0,2522,,wired,0,writes_only
31.8,2785,658.5,0,0,none,423.9,574.1,11144,none,0,2785,219.7,0,replication_3,0.0,4.0,67.7,0,2785,,wired,0,reads_only
28.7,3386,491.5,0,0,none,275.0,371.5,25624,none,0,3386,199.2,0,replication_3,0.04855,8.3,58.8,0,3386,,wired,0,reads_only
28.9,3513,508.6,0,0,none,257.4,352.3,41392,none,0,3513,191.1,0,replication_3,0.04199,12.8,56.8,0,3513,,wired,0,reads_only
31.0,3419,544.7,0,0,none,275.3,350.0,55966,none,0,3419,190.2,0,replication_3,0.03337,17.0,58.3,0,3419,,wired,0,reads_only
30.3,3290,589.8,0,0,none,281.5,378.8,70062,none,0,3290,209.3,0,replication_3,0.02675,21.3,61.4,0,3290,,wired,0,reads_only
22.2,3489,453.8,0,0,none,272.4,336.9,84790,none,0,3489,190.4,0,replication_3,0.02283,25.5,56.3,0,3489,,wired,0,reads_only
26.0,3549,550.0,0,0,none,295.4,427.3,100568,none,0,3549,192.5,0,replication_3,0.02129,30.0,55.9,0,3549,,wired,0,reads_only
87.6,1921,417.1,0,0,none,309.6,347.6,7683,none,0,1921,211.7,0,replication_3,0.0,4.0,98.2,0,1921,,wired,0,writes_only
85.5,2116,513.0,0,0,none,268.7,375.4,16845,none,0,2116,196.3,0,replication_3,0.0398,8.3,94.9,0,2116,,wired,0,writes_only
75.0,2341,397.4,0,0,none,268.7,345.8,26838,none,0,2341,193.1,0,replication_3,0.04353,12.6,85.7,0,2341,,wired,0,writes_only
64.4,2750,408.9,0,0,none,217.1,289.9,38537,none,0,2750,161.7,0,replication_3,0.06444,16.9,72.3,0,2750,,wired,0,writes_only
76.3,2420,323.2,0,0,none,213.4,277.3,48830,none,0,2420,165.7,0,replication_3,0.05153,21.1,82.3,0,2420,,wired,0,writes_only
75.6,2397,413.7,0,0,none,240.8,297.5,59135,none,0,2397,180.2,0,replication_3,0.04304,25.4,83.6,0,2397,,wired,0,writes_only
68.1,2604,435.2,0,0,none,252.8,321.4,69856,none,0,2604,166.3,0,replication_3,0.04003,29.5,76.7,0,2604,,wired,0,writes_only
91.2,2287,276.3,0,0,none,221.5,272.4,71031,none,0,2287,156.1,0,replication_3,0.09864,30.0,93.2,0,2287,,wired,0,writes_only
